clip,start_s,end_s,shot_id,drive_folder,drive_file
1,0.00,1.32,001,Sept 28 - 08_17 (1),Gold-skinned_man_looking_down_20260928104311.jpg
2,1.32,2.08,002,Sept 28 - 08_17 (1),Birthday_card_beside_coffee_mug_20260928104319.jpg
3,2.08,4.08,003,Sept 28 - 08_17 (1),Gold-skinned_man_sitting_at_table_20260928104319.jpg
4,4.08,4.86,004,Sept 28 - 08_17 (1),Gold-skinned_man_sitting_at_table_20260928104321.jpg
5,4.86,5.80,005,Sept 28 - 08_17 (1),Laser_printer_printing_paper_20260928104317.jpg
6,5.80,7.30,006,Sept 28 - 08_17 (1),Stack_of_documents_with_binder_20260928104315.jpg
7,7.30,8.88,007,Sept 28 - 08_17 (1),Gold-skinned_man_meeting_closing…_20260928104306.jpg
8,8.88,9.94,008,Sept 28 - 08_17 (1),Woman_sliding_documents_across_t…_20260928104311.jpg
9,9.94,11.68,009,Sept 28 - 08_17 (1),Gold-skinned_man_receiving_docum…_20260928104322.jpg
10,11.68,13.36,010,Sept 28 - 08_17 (1),Woman_tapping_signature_line_20260928104321.jpg
11,13.36,15.38,011,Sept 28 - 08_17 (1),Woman_looking_over_reading_glasses_20260928104312.jpg
12,15.38,17.54,012,Sept 28 - 08_17 (1),Woman_holding_pen_ready_20260928104307.jpg
13,17.54,19.40,013,Sept 28 - 08_17 (1),Pen_hovering_over_loan_form_20260928104318.jpg
14,19.40,21.02,014,Sept 28 - 08_17 (1),Gold-skinned_man_lifting_eyes_20260928104318.jpg
15,21.02,22.24,015,Sept 28 - 08_17 (1),Gold-skinned_man_speaking_indoors_20260928104321.jpg
16,22.24,23.96,016,Sept 28 - 08_17 (1),Gold-skinned_man_speaking_indoors_20260928104315.jpg
17,23.96,25.12,017,Sept 28 - 08_17 (1),Closing_agent_pausing_with_pen_20260928104322.jpg
18,25.12,27.36,018,Sept 28 - 08_17 (1),Woman_flipping_file_folder_pages_20260928104322.jpg
19,27.36,28.32,019,Sept 28 - 08_17 (1),Purchase_price_on_document_20260928104321.jpg
20,28.32,30.76,020,Sept 28 - 08_17 (1),Closing_agent_holding_open_file_20260928104307.jpg
21,30.76,32.18,021,Sept 28 - 08_17 (1),Loan_application_marked_not_requ…_20260928104311.jpg
22,32.18,33.30,022,Sept 28 - 08_17 (1),Mortgage_contract_pushed_on_table_20260928104307.jpg
23,33.30,35.60,023,Sept 28 - 08_17 (1),Calendar_pages_flipping_away_20260928104307.jpg
24,35.60,37.22,024,Sept 28 - 08_17 (1),Gold_man_signing_document_20260928104320.jpg
25,37.22,38.50,025,Sept 28 - 08_17 (1),Woman_holding_house_keys_20260928104320.jpg
26,38.50,39.72,026,Sept 28 - 08_17 (1),Keys_dropping_into_gold_palm_20260928104321.jpg
27,39.72,41.48,027,Sept 28 - 08_17 (1),Gold-skinned_man_lying_in_bed_20260928104306.jpg
28,41.48,44.16,028,Sept 28 - 08_17 (1),Young_man_standing_on_porch_20260928104310.jpg
29,44.16,46.52,029,Sept 28 - 08_17 (1),Gold-skinned_man_holding_mug_20260928104309.jpg
30,46.52,48.16,030,Sept 28 - 08_17 (1),Gold-skinned_man_lying_in_bed_20260928104318.jpg
31,48.16,49.56,031,Sept 28 - 08_17 (1),Glow-in-the-dark_stars_on_ceiling_20260928104308.jpg
32,49.56,51.16,032,Sept 28 - 08_17 (1),Glow-in-the-dark_stars_on_ceiling_20260928104312.jpg
33,51.16,52.74,033,Sept 28 - 08_17 (1),Gold-skinned_man_standing_before…_20260928104313.jpg
34,52.74,53.26,034,Sept 28 - 08_17 (1),Man_holding_house_keys_20260928104318.jpg
35,53.26,54.62,035,Sept 28 - 08_17 (1),Man_sitting_on_bed_20260928104321.jpg
36,54.62,55.60,036,Sept 28 - 08_17 (1),Man_looking_at_graduation_photo_20260928104314.jpg
37,55.60,56.20,037,Sept 28 - 08_17 (1),Graduation_caps_flying_on_campus_20260928104322.jpg
38,56.20,57.24,038,Sept 28 - 08_17 (1),Young_man_holding_diploma_with_20260928104307.jpg
39,57.24,58.30,039,Sept 28 - 08_17 (1),Friends_loading_boxes_into_cars_20260928104322.jpg
40,58.30,59.08,040,Sept 28 - 08_17 (1),Hatchback_trunk_packed_with_boxes_20260928104320.jpg
41,59.08,60.26,041,Sept 28 - 08_17 (1),Woman_signing_apartment_lease_20260928104312.jpg
42,60.26,61.86,042,Sept 28 - 08_17 (1),Woman_spinning_in_apartment_20260928104311.jpg
43,61.86,63.96,043,Sept 28 - 08_17 (1),Jordan_shaking_hands_with_roommate_20260928104316.jpg
44,63.96,65.10,044,Sept 28 - 08_17 (1),Phone_displaying_roommate_finder…_20260928104317.jpg
45,65.10,66.74,045,Sept 28 - 08_17 (1),Moving_trucks_on_suburban_street_20260928104316.jpg
46,66.74,68.78,046,Sept 28 - 08_17 (1),Man_and_woman_waving_goodbye_20260928104317.jpg
47,68.78,69.78,047,Sept 28 - 08_17 (1),Gold-skinned_man_waving_on_lawn_20260928104317.jpg
48,69.78,71.22,048,Sept 28 - 08_17 (1),Key_in_apartment_door_lock_20260928104306.jpg
49,71.22,72.04,049,Sept 28 - 08_17 (1),Man_carrying_box_into_bedroom_20260928104313.jpg
50,72.04,73.38,050,Sept 28 - 08_17 (1),Man_opening_box_of_books_20260928104317.jpg
51,73.38,74.94,051,Sept 28 - 08_17 (1),Gold-skinned_man_in_childhood_be…_20260928104321.jpg
52,74.94,76.00,052,Sept 28 - 08_17 (1),Pencil_height_marks_on_door_20260928104320.jpg
53,76.00,77.38,053,Sept 28 - 08_17 (1),Gold-skinned_man_at_office_desk_20260928104317.jpg
54,77.38,79.88,054,Sept 28 - 08_17 (1),Job_offer_letter_with_pen_20260928104305.jpg
55,79.88,81.34,055,Sept 28 - 08_17 (1),Tax_deduction_pay_stub_circled_20260928104316.jpg
56,81.34,83.12,056,Sept 28 - 08_17 (1),Phone_displaying_bank_deposit_no…_20260928104320.jpg
57,83.12,84.54,057,Sept 28 - 08_17 (1),Gold-skinned_man_smiling_on_bed_20260928104307.jpg
58,84.54,85.50,058,Sept 28 - 08_17 (1),Gold-skinned_man_sitting_at_table_20260928104306.jpg
59,85.50,86.64,059,Sept 28 - 08_17 (1),Pendant_lamp_swaying_above_table_20260928104316.jpg
60,86.64,87.82,060,Sept 28 - 08_17 (1),Man_writing_numbers_on_napkin_20260928104317.jpg
61,87.82,89.18,061,Sept 28 - 08_17 (1),Math_scribbled_on_napkin_with_20260928104308.jpg
62,89.18,91.04,062,Sept 28 - 08_17 (1),Apartment_building_for_rent_sign_20260928104316.jpg
63,91.04,94.08,063,Sept 28 - 08_17 (1),Viewing_rent_listing_on_phone_20260928104314.jpg
64,94.08,95.52,064,Sept 28 - 08_17 (1),Electricity_meter_with_spinning_…_20260928104313.jpg
65,95.52,96.34,065,Sept 28 - 08_17 (1),Wi-Fi_router_with_blinking_lights_20260928104315.jpg
66,96.34,97.38,066,Sept 28 - 08_17 (1),Wrapped_sofa_with_price_tag_20260928104314.jpg
67,97.38,99.74,067,Sept 28 - 08_17 (1),Man_circling_total_on_napkin_20260928104314.jpg
68,99.74,100.38,068,Sept 28 - 08_17 (1),Gold-skinned_man_reading_napkin_…_20260928104314.jpg
69,100.38,102.28,069,Sept 28 - 08_17 (1),Coins_forming_pie_chart_20260928104308.jpg
70,102.28,103.92,070,Sept 28 - 08_17 (1),Red_circle_on_wall_calendar_20260928104319.jpg
71,103.92,105.12,071,Sept 28 - 08_17 (1),Dollar_bills_flying_from_wallet_20260928104317.jpg
72,105.12,106.88,072,Sept 28 - 08_17 (1),Endless_calendar_pages_stretchin…_20260928104321.jpg
73,106.88,109.26,073,Sept 28 - 08_17 (1),Man_sliding_napkin_to_parents_20260928104311.jpg
74,109.26,111.26,074,Sept 28 - 08_17 (1),Gold-skinned_man_shaking_head_20260928104309.jpg
75,111.26,113.20,075,Sept 28 - 08_17 (1),Four_hundred-dollar_bills_on_table_20260928104318.jpg
76,113.20,114.80,076,Sept 28 - 08_17 (1),Groceries_on_kitchen_counter_20260928104309.jpg
77,114.80,116.44,077,Sept 28 - 08_17 (1),Man_cooking_at_stove_20260928104322.jpg
78,116.44,117.54,078,Sept 28 - 08_17 (1),Man_mowing_lawn_20260928104314.jpg
79,117.54,119.24,079,Sept 28 - 08_17 (1),Man_fixing_pipe_under_sink_20260928104321.jpg
80,119.24,121.14,080,Sept 28 - 08_17 (1),Gold-skinned_man_holding_napkin_…_20260928104307.jpg
81,121.14,123.54,081,Sept 28 - 08_17 (1),Pen_writing_on_napkin_20260928104322.jpg
82,123.54,125.22,082,Sept 28 - 08_17 (1),Apartment_key_shadowed_20260928104311.jpg
83,125.22,127.12,083,Sept 28 - 08_17 (1),House_with_white_picket_fence_20260928104309.jpg
84,127.12,128.66,084,Sept 28 - 08_17 (1),Dad_laughing_in_kitchen_20260928104319.jpg
85,128.66,130.50,085,Sept 28 - 08_17 (1),Woman_looking_over_reading_glasses_20260928104316.jpg
86,130.50,132.68,086,Sept 28 - 08_17 (1),Mom_sliding_pen_to_man_20260928104312.jpg
87,132.68,134.22,087,Sept 28 - 08_17 (1),Pinning_napkin_to_fridge_20260928104308.jpg
88,134.22,137.42,088,Sept 28 - 08_17 (1),Gold-skinned_man_looking_at_fridge_20260928104311.jpg
89,137.42,139.32,089,Sept 28 - 08_17 (1),Plant_sprouting_from_coins_20260928104310.jpg
90,139.32,140.22,090,Sept 28 - 08_17 (1),Spotlight_on_empty_chair_20260928104317.jpg
91,140.22,142.00,091,Sept 28 - 08_17 (1),Man_crouching_at_starting_line_20260928104313.jpg
92,142.00,145.00,092,Sept 28 - 08_17 (1),Pen_drawing_upward_arrow_20260928104305.jpg
93,145.00,146.28,093,Sept 28 - 08_17 (1),Two_stacks_of_coins_20260928104317.jpg
94,146.28,147.90,094,Sept 28 - 08_17 (1),Gold-skinned_man_sitting_at_desk_20260928104322.jpg
95,147.90,148.82,095,Sept 28 - 08_17 (1),Birthday_cake_on_desk_20260928104310.jpg
96,148.82,150.48,096,Sept 28 - 08_17 (1),Eighteen_hundred-dollar_bills_fa…_20260928104313.jpg
97,150.48,152.74,097,Sept 28 - 08_17 (1),Phone_showing_1800_dollars_20260928104315.jpg
98,152.74,154.62,098,Sept 28 - 08_17 (1),Gold-skinned_man_turning_phone_down_20260928104307.jpg
99,154.62,155.90,099,Sept 28 - 08_17 (1),Calendar_page_with_payday_written_20260928104318.jpg
100,155.90,156.78,100,Sept 28 - 08_17 (1),Finger_hovering_shopping_cart_icon_20260928104305.jpg
101,156.78,158.32,101,Sept 28 - 08_17 (1),Phone_showing_automatic_transfer…_20260928104316.jpg
102,158.32,160.22,102,Sept 28 - 08_17 (1),Dollar_bills_flowing_through_tubes_20260928104319.jpg
103,160.22,161.56,103,Sept 28 - 08_17 (1),Coins_filling_index_fund_jar_20260928104314.jpg
104,161.56,163.44,104,Sept 28 - 08_17 (1),Glass_basket_holding_miniature_b…_20260928104315.jpg
105,163.44,164.26,105,Sept 28 - 08_17 (1),City_skyscrapers_and_factories_a…_20260928104320.jpg
106,164.26,166.70,106,Sept 28 - 08_17 (1),Skyscrapers_towering_into_blue_sky_20260928104322.jpg
107,166.70,168.36,107,Sept 28 - 08_17 (1),Man_yawning_at_desk_with_20260928104313.jpg
108,168.36,169.38,108,Sept 28 - 08_17 (1),Dusty_stock-picking_book_on_shelf_20260928104313.jpg
109,169.38,170.54,109,Sept 28 - 08_17 (1),Car_driving_on_road_20260928104322.jpg
110,170.54,172.36,110,Sept 28 - 08_17 (1),Gold_chart_rising_on_board_20260928104314.jpg
111,172.36,174.52,111,Sept 28 - 08_17 (1),Gold_staircase_labeled_7_percent_20260928104313.jpg
112,174.52,176.42,112,Sept 28 - 08_17 (1),Red_arrow_on_stock_screen_20260928104313.jpg
113,176.42,177.48,113,Sept 28 - 08_17 (1),Toy_rollercoaster_car_dropping_20260928104306.jpg
114,177.48,179.46,114,Sept 28 - 08_17 (1),Rollercoaster_climbing_golden_sky_20260928104309.jpg
115,179.46,182.02,115,Sept 28 - 08_17 (1),Stock_ticker_screen_close-up_20260928104314.jpg
116,182.02,183.32,116,Sept 28 - 08_17 (1),Man_closing_laptop_reading_book_20260928104306.jpg
117,183.32,185.84,117,Sept 28 - 08_17 (1),Money_sliding_from_wallet_20260928104315.jpg
118,185.84,187.16,118,Sept 28 - 08_17 (1),Man_scrolling_phone_on_bed_20260928104312.jpg
119,187.16,189.20,119,Sept 28 - 08_17 (1),Man_viewing_deposit_on_phone_20260928104311.jpg
120,189.20,190.66,120,Sept 28 - 08_17 (1),Woman_in_apartment_20260928104311.jpg
121,190.66,192.44,121,Sept 28 - 08_17 (1),Green_fiddle-leaf_fig_plant_20260928104319.jpg
122,192.44,193.92,122,Sept 28 - 08_17 (1),Woman_taking_selfie_20260928104314.jpg
123,193.92,196.02,123,Sept 28 - 08_17 (1),Phone_displaying_finally_home_ca…_20260928104305.jpg
124,196.02,197.52,124,Sept 28 - 08_17 (1),Man_double-tapping_photo_20260928104311.jpg
125,197.52,199.76,125,Sept 28 - 08_17 (1),Phone_screen_goes_dark_20260928104311.jpg
126,199.76,201.02,126,Sept 28 - 08_17 (1),Gold-skinned_man_lying_in_bed_20260928104312.jpg
127,201.02,202.10,127,Sept 28 - 08_17 (1),Glow-in-the-dark_stars_on_ceiling_20260928104321.jpg
128,202.10,204.20,128,Sept 28 - 08_17 (1),Peeling_plastic_star_on_ceiling_20260928104310.jpg
129,204.20,205.36,129,Sept 28 - 08_17 (1),Family_dining_together_at_Thanks…_20260928104314.jpg
130,205.36,207.10,130,Sept 28 - 08_17 (1),Woman_talking_to_gold_man_20260928104308.jpg
131,207.10,209.04,131,Sept 28 - 08_17 (1),Woman_raising_eyebrow_20260928104312.jpg
132,209.04,210.64,132,Sept 28 - 08_17 (1),Woman_pointing_fork_at_man_20260928104313.jpg
133,210.64,212.92,133,Sept 28 - 08_17 (1),Gold-skinned_man_sitting_at_table_20260928104309.jpg
134,212.92,214.68,134,Sept 28 - 08_17 (1),Teenager_laughing_behind_napkin_20260928104316.jpg
135,214.68,216.46,135,Sept 28 - 08_17 (1),Gold-skinned_man_nodding_20260928104319.jpg
136,216.46,217.26,136,Sept 28 - 08_17 (1),Man_passing_bowl_of_potatoes_20260928104308.jpg
137,217.26,218.80,137,Sept 28 - 08_17 (1),Man_sitting_at_café_date_20260928104312.jpg
138,218.80,221.98,138,Sept 28 - 08_17 (1),Gold-skinned_man_stirring_coffee_20260928104318.jpg
139,221.98,223.36,139,Sept 28 - 08_17 (1),Weather_icon_visual_metaphor_20260928104318.jpg
140,223.36,223.88,140,Sept 28 - 08_17 (1),Woman_glances_at_her_watch_20260928104316.jpg
141,223.88,225.02,141,Sept 28 - 08_17 (1),Gold-skinned_man_sitting_at_café_20260928104322.jpg
142,225.02,229.08,142,Sept 28 - 08_17 (1),Gold-skinned_man_walking_home_20260928104307.jpg
143,229.08,230.92,144,Sept 28 - 08_17 (1),Cupcake_with_single_candle_20260928104321.jpg
144,230.92,232.16,145,Sept 28 - 08_17 (1),Man_opening_investment_app_20260928104313.jpg
145,232.16,234.22,146,Sept 28 - 08_17 (1),Gold-skinned_man_watching_screen_20260928104310.jpg
146,234.22,236.08,147,Sept 28 - 08_17 (1),Smartphone_displaying_banking_app_20260928104309.jpg
147,236.08,237.86,148,Sept 28 - 08_17 (1),Paycheck_envelope_illustration_20260928104316.jpg
148,237.86,238.84,149,Sept 28 - 08_17 (1),Glass_jar_filled_with_bills_20260928104314.jpg
149,238.84,240.80,150,Sept 28 - 08_17 (1),Coins_multiplying_on_dark_table_20260928104319.jpg
150,240.80,241.56,151,Sept 28 - 08_17 (1),Gold-skinned_young_man_sleeping_20260928104313.jpg
151,241.56,243.50,152,Sept 28 - 08_17 (1),Crowd_looking_at_phones_20260928104320.jpg
152,243.50,245.74,153,Sept 28 - 08_17 (1),Man_holding_smartphone_smiling_20260928104319.jpg
153,245.74,248.10,154,Sept 28 - 08_17 (1),Man_leaving_house_with_briefcase_20260928104318.jpg
154,248.10,250.24,155,Sept 28 - 08_17 (1),Birthday_cake_with_25_candle_20260928104316.jpg
155,250.24,251.58,156,Sept 28 - 08_17 (1),Manager_shaking_man's_hand_20260928104315.jpg
156,251.58,252.92,157,Sept 28 - 08_17 (1),Raise_letter_with_salary_circled_20260928104306.jpg
157,252.92,254.36,158,Sept 28 - 08_17 (1),Colleagues_celebrating_raises_in…_20260928104322.jpg
158,254.36,256.64,159,Sept 28 - 08_17 (1),BMW_sedan_in_showroom_20260928104314.jpg
159,256.64,257.40,160,Sept 28 - 08_17 (1),Champagne_bottle_popping_in_show…_20260928104310.jpg
160,257.40,258.50,161,Sept 28 - 08_17 (1),Black_sedan_in_car_dealership_20260928104321.jpg
161,258.50,259.94,162,Sept 28 - 08_17 (1),Man_leaning_against_BMW_20260928104307.jpg
162,259.94,262.38,163,Sept 28 - 08_17 (1),Man_reviewing_lease_contract_20260928104310.jpg
163,262.38,263.78,164,Sept 28 - 08_17 (1),Gold-skinned_man_enters_BMW_20260928104308.jpg
164,263.78,264.58,165,Sept 28 - 08_17 (1),Man_leaning_out_car_window_20260928104319.jpg
165,264.58,267.00,166,Sept 28 - 08_17 (1),Man_lowering_sunglasses_and_smir…_20260928104317.jpg
166,267.00,269.00,167,Sept 28 - 08_17 (1),Man_tapping_steering_wheel_20260928104321.jpg
167,269.00,270.46,168,Sept 28 - 08_17 (1),Gold-skinned_man_looking_out_window_20260928104322.jpg
168,270.46,273.02,169,Sept 28 - 08_17 (1),Hourglass_with_golden_sand_running_20260928104319.jpg
169,273.02,275.28,170,Sept 28 - 08_17 (1),Gold_man_viewing_family_photo_20260928104316.jpg
170,275.28,276.66,171,Sept 28 - 08_17 (1),Road_stretching_toward_sunset_20260928104320.jpg
171,276.66,279.08,172,Sept 28 - 08_17 (1),Professionals_walking_on_city_st…_20260928104309.jpg
172,279.08,280.16,173,Sept 28 - 08_17 (1),Finger_pressing_upgrade_button_20260928104321.jpg
173,280.16,281.20,174,Sept 28 - 08_17 (1),Apartment_interior_with_green_plant_20260928104308.jpg
174,281.20,282.40,175,Sept 28 - 08_17 (1),Car_keys_dangling_from_finger_20260928104310.jpg
175,282.40,283.28,176,Sept 28 - 08_17 (1),Phone_being_unboxed_20260928104306.jpg
176,283.28,285.58,177,Sept 28 - 08_17 (1),Paycheck_on_rising_escalator_20260928104312.jpg
177,285.58,288.22,178,Sept 28 - 08_17 (1),Man_looking_at_bills_20260928104313.jpg
178,288.22,291.18,179,Sept 28 - 08_17 (1),Economist_pointing_at_chalkboard…_20260928104308.jpg
179,291.18,292.10,180,Sept 28 - 08_17 (1),Shopping_cart_overflowing_20260928104320.jpg
180,292.10,293.80,181,Sept 28 - 08_17 (1),Man_closing_shopping_website_20260928104322.jpg
181,293.80,294.94,182,Sept 28 - 08_17 (1),Money_sliding_from_pay_stub_20260928104306.jpg
182,294.94,296.66,183,Sept 28 - 08_17 (1),Phone_showing_banking_app_20260928104311.jpg
183,296.66,298.26,184,Sept 28 - 08_17 (1),Bills_dropping_into_jar_20260928104317.jpg
184,298.26,299.16,185,Sept 28 - 08_17 (1),Index_fund_jar_glowing_20260928104306.jpg
185,299.16,300.94,186,Sept 28 - 08_17 (1),Automatic_transfer_screen_showin…_20260928104312.jpg
186,300.94,301.90,187,Sept 28 - 08_17 (1),Calendar_with_repeating_payday_mark_20260928104319.jpg
187,301.90,303.26,188,Sept 28 - 08_17 (1),Phone_screen_showing_auto_toggle_20260928104312.jpg
188,303.26,305.30,189,Sept 28 - 08_17 (1),Gold-skinned_man_lying_in_bed_20260928104307.jpg
189,305.30,306.30,190,Sept 28 - 08_17 (1),Twin_bed_with_blue_blanket_20260928104321.jpg
190,306.30,307.72,191,Sept 28 - 08_17 (1),Silver_hatchback_parked_in_driveway_20260928104316.jpg
191,307.72,309.00,192,Sept 28 - 08_17 (1),Steering_wheel_in_car_20260928104317.jpg
192,309.00,310.38,193,Sept 28 - 08_17 (1),Suburban_street_morning_scene_20260928104311.jpg
193,310.38,311.84,194,Sept 28 - 08_17 (1),Man_mowing_dad's_lawn_20260928104309.jpg
194,311.84,314.28,195,Sept 28 - 08_17 (1),Phone_screen_chart_line_climbing_20260928104319.jpg
195,314.28,315.40,196,Sept 28 - 08_17 (1),Birthday_cake_beside_phone_20260928104307.jpg
196,315.40,316.74,197,Sept 28 - 08_17 (1),Smartphone_displaying_one_hundre…_20260928104315.jpg
197,316.74,318.06,198,Sept 28 - 08_17 (1),Gold-skinned_man_sitting_on_bed_20260928104311.jpg
198,318.06,320.48,199,Sept 28 - 08_17 (1),Man_reviewing_lease_contract_20260928104320.jpg
199,320.48,322.18,200,Sept 28 - 08_17 (1),Man_handing_car_keys_20260928104307.jpg
200,322.18,323.36,201,Sept 28 - 08_17 (1),BMW_key_sliding_to_salesman_20260928104320.jpg
201,323.36,324.28,202,Sept 28 - 08_17 (1),Man_standing_on_dealership_lot_20260928104307.jpg
202,324.28,325.78,203,Sept 28 - 08_17 (1),Man_listening_at_family_dinner_20260928104309.jpg
203,325.78,327.26,204,Sept 28 - 08_17 (1),People_at_rooftop_party_skyline_20260928104308.jpg
204,327.26,329.00,205,Sept 28 - 08_17 (1),Birthday_cake_candle_flickering_20260928104319.jpg
205,329.00,331.20,206,Sept 28 - 08_17 (1),Gold-skinned_man_sitting_on_bed_20260928104307.jpg
206,331.20,332.84,207,Sept 28 - 08_17 (1),Woman_wearing_engagement_ring_20260928104305.jpg
207,332.84,334.94,208,Sept 28 - 08_17 (1),Rooftop_engagement_party_with_sk…_20260928104320.jpg
208,334.94,336.10,209,Sept 28 - 08_17 (1),Couples_talking_at_rooftop_party_20260928104308.jpg
209,336.10,337.12,210,Sept 28 - 08_17 (1),House_listing_brochure_closing_c…_20260928104311.jpg
210,337.12,338.68,211,Sept 28 - 08_17 (1),Mortgage_rate_board_glowing_perc…_20260928104318.jpg
211,338.68,340.12,212,Sept 28 - 08_17 (1),Couple_hugging_parents_receiving…_20260928104321.jpg
212,340.12,341.10,213,Sept 28 - 08_17 (1),Handing_over_down_payment_cheque_20260928104306.jpg
213,341.10,343.28,214,Sept 28 - 08_17 (1),Guest_questioning_gold-skinned_man_20260928104321.jpg
214,343.28,347.70,215,Sept 28 - 08_17 (1),Gold-skinned_man_answering_politely_20260928104320.jpg
215,347.70,349.40,217,Sept 28 - 08_17 (1),Gold-skinned_man_on_rooftop_20260928104305.jpg
216,349.40,351.06,218,Sept 28 - 08_17 (1),Gold-skinned_man_standing_on_esc…_20260928104319.jpg
217,351.06,352.48,219,Sept 28 - 08_17 (1),Man_sitting_in_traffic_jam_20260928104320.jpg
218,352.48,355.22,220,Sept 28 - 08_17 (1),Couples_carrying_boxes_into_homes_20260928104316.jpg
219,355.22,357.80,221,Sept 28 - 08_17 (1),Gold-skinned_man_watching_phone_20260928104321.jpg
220,357.80,359.64,222,Sept 28 - 08_17 (1),Stock_market_screen_dropping_red_20260928104309.jpg
221,359.64,361.08,223,Sept 28 - 08_17 (1),Desk_calendar_with_crossed_out_20260928104322.jpg
222,361.08,362.54,224,Sept 28 - 08_17 (1),Man_staring_at_phone_balance_20260928104318.jpg
223,362.54,363.60,225,Sept 28 - 08_17 (1),Viewing_negative_banking_balance…_20260928104306.jpg
224,363.60,366.25,226,Sept 28 - 08_17 (1),Stack_of_bills_collapsing_20260928104307.jpg
225,366.25,368.85,227,Sept 28 - 08_17 (1),Gold-skinned_man_covering_mouth_20260928104316.jpg
226,368.85,370.41,228,Sept 28 - 08_17 (1),Calendar_pages_falling_into_dark…_20260928104306.jpg
227,370.41,373.39,229,Sept 28 - 08_17 (1),Person_watching_TV_in_dark_20260928104306.jpg
228,373.39,374.79,230,Sept 28 - 08_17 (1),TV_remote_on_couch_20260928104321.jpg
229,374.79,375.93,231,Sept 28 - 08_17 (1),Digital_oven_clock_glowing_20260928104316.jpg
230,375.93,377.59,232,Sept 28 - 08_17 (1),Woman_pausing_in_kitchen_doorway_20260928104311.jpg
231,377.59,380.41,233,Sept 28 - 08_17 (1),Man_looking_at_phone_20260928104319.jpg
232,380.41,382.67,234,Sept 28 - 08_17 (1),Water_pouring_into_glasses_20260928104316.jpg
233,382.67,383.85,235,Sept 28 - 08_17 (1),Mom_and_gold-skinned_man_sitting_20260928104308.jpg
234,383.85,385.35,236,Sept 28 - 08_17 (1),Mom_speaking_in_kitchen_20260928104315.jpg
235,385.35,387.05,237,Sept 28 - 08_17 (1),Gold-skinned_man_shaking_head_20260928104315.jpg
236,387.05,388.73,238,Sept 28 - 08_17 (1),Phone_screen_showing_account_bal…_20260928104319.jpg
237,388.73,391.01,239,Sept 28 - 08_17 (1),Mom_turning_phone_face_down_20260928104307.jpg
238,391.01,392.47,240,Sept 28 - 08_17 (1),Phone_and_glasses_of_water_20260928104304.jpg
239,392.47,393.35,241,Sept 28 - 08_17 (1),Finger_hovering_over_sell_button_20260928104310.jpg
240,393.35,395.29,242,Sept 28 - 08_17 (1),Automatic_transfer_screen_switch…_20260928104316.jpg
241,395.29,397.07,243,Sept 28 - 08_17 (1),Calendar_marked_payday_20260928104305.jpg
242,397.07,398.03,244,Sept 28 - 08_17 (1),Bills_dropping_into_index_fund_20260928104311.jpg
243,398.03,401.23,245,Sept 28 - 08_17 (1),Buildings_piling_in_glass_basket_20260928104312.jpg
244,401.23,402.01,246,Sept 28 - 08_17 (1),Shop_window_with_sale_sign_20260928104307.jpg
245,402.01,404.45,247,Sept 28 - 08_17 (1),Man_writing_note_at_desk_20260928104306.jpg
246,404.45,406.83,248,Sept 28 - 08_17 (1),Man_clinging_to_boat_rail_20260928104306.jpg
247,406.83,408.19,249,Sept 28 - 08_17 (1),Gold_man_pushing_shopping_cart_20260928104321.jpg
248,408.19,409.47,250,Sept 28 - 08_17 (1),Price_tag_being_slashed_20260928104312.jpg
249,409.47,411.23,251,Sept 28 - 08_17 (1),Shoppers_grabbing_discounted_items_20260928104320.jpg
250,411.23,414.05,252,Sept 28 - 08_17 (1),Panicked_investor_clutching_head_20260928104307.jpg
251,414.05,415.85,253,Sept 28 - 08_17 (1),Hand_dropping_cash_into_trash_20260928104322.jpg
252,415.85,417.29,254,Sept 28 - 08_17 (1),Phone_chart_climbing_in_green_20260928104322.jpg
253,417.29,418.29,255,Sept 28 - 08_17 (1),Sunrise_over_calm_sea_20260928104319.jpg
254,418.29,420.13,256,Sept 28 - 08_17 (1),Birthday_cake_near_smartphone_20260928104318.jpg
255,420.13,421.77,257,Sept 28 - 08_17 (1),Smartphone_displaying_banking_app_20260928104312.jpg
256,421.77,424.19,258,Sept 28 - 08_17 (1),Man_looking_out_window_20260928104322.jpg
257,424.19,425.99,259,Sept 28 - 08_17 (1),Gold-skinned_man_looking_out_window_20260928104308.jpg
258,425.99,427.63,260,Sept 28 - 08_17 (1),Chess_pawn_moving_ahead_20260928104306.jpg
259,427.63,428.57,261,Sept 28 - 08_17 (1),Sand_timer_flipping_over_20260928104311.jpg
260,428.57,430.27,262,Sept 28 - 08_17 (1),Woman_opening_envelope_in_apartment_20260928104316.jpg
261,430.27,431.17,263,Sept 28 - 08_17 (1),Rent_increase_notice_closeup_20260928104306.jpg
262,431.17,431.95,264,Sept 28 - 08_17 (1),Lease_letter_with_crossed_rent_20260928104311.jpg
263,431.95,434.19,265,Sept 28 - 08_17 (1),Rent_amount_on_faded_listing_20260928104321.jpg
264,434.19,437.51,266,Sept 28 - 08_17 (1),Red_rent_price_displayed_20260928104309.jpg
265,437.51,439.45,268,Sept 28 - 08_17 (1),Man_holding_rent_bill_20260928104316.jpg
266,439.45,440.19,269,Sept 28 - 08_17 (1),Woman_presenting_in_meeting_room_20260928104314.jpg
267,440.19,440.97,270,Sept 28 - 08_17 (1),Man_coding_in_office_20260928104312.jpg
268,440.97,443.41,271,Sept 28 - 08_17 (1),Comparing_two_pay_stubs_20260928104309.jpg
269,443.41,445.01,272,Sept 28 - 08_17 (1),Person_running_on_treadmill_20260928104307.jpg
270,445.01,445.69,273,Sept 28 - 08_17 (1),Bank_balance_resetting_to_zero_20260928104321.jpg
271,445.69,447.79,274,Sept 28 - 08_17 (1),Man_receiving_raise_letter_20260928104319.jpg
272,447.79,449.17,275,Sept 28 - 08_17 (1),Gold-skinned_man_tapping_phone_20260928104310.jpg
273,449.17,451.51,276,Sept 28 - 08_17 (1),Screen_showing_monthly_transfer_…_20260928104313.jpg
274,451.51,452.73,277,Sept 28 - 08_17 (1),Index_fund_jar_glowing_gold_20260928104306.jpg
275,452.73,454.21,278,Sept 28 - 08_17 (1),Gold-skinned_man_browsing_laptop_20260928104313.jpg
276,454.21,455.59,279,Sept 28 - 08_17 (1),House_listing_cards_on_laptop_20260928104311.jpg
277,455.59,458.47,280,Sept 28 - 08_17 (1),Downtown_skyline_with_glass_towers_20260928104316.jpg
278,458.47,459.17,281,Sept 28 - 08_17 (1),Road_through_green_fields_20260928104322.jpg
279,459.17,460.75,282,Sept 28 - 08_17 (1),Arriving_in_small_town_20260928104307.jpg
280,460.75,462.43,283,Sept 28 - 08_17 (1),House_with_for_sale_sign_20260928104316.jpg
281,462.43,464.01,284,Sept 28 - 08_17 (1),White_picket_fence_around_yard_20260928104309.jpg
282,464.01,465.77,285,Sept 28 - 08_17 (1),Dated_kitchen_with_oak_cabinets_20260928104306.jpg
283,465.77,467.65,286,Sept 28 - 08_17 (1),For_sale_sign_with_price_20260928104311.jpg
284,467.65,469.95,287,Sept 28 - 08_17 (1),"Listing_price_$255,000_displayed_20260928104305.jpg"
285,469.95,470.89,288,Sept 28 - 08_17 (1),Man_walking_through_house_20260928104321.jpg
286,470.89,472.09,289,Sept 28 - 08_17 (1),Open_house_signs_on_street_20260928104322.jpg
287,472.09,473.25,290,Sept 28 - 08_17 (1),Gold-skinned_man_crouching_in_ba…_20260928104307.jpg
288,473.25,474.61,291,Sept 28 - 08_17 (1),Flashlight_illuminating_concrete…_20260928104316.jpg
289,474.61,475.81,292,Sept 28 - 08_17 (1),Man_talking_to_realtor_20260928104309.jpg
290,475.81,477.15,293,Sept 28 - 08_17 (1),Old_asphalt_shingle_roof_view_20260928104322.jpg
291,477.15,479.81,294,Sept 28 - 08_17 (1),Family_planning_dinner_at_home_20260928104322.jpg
292,479.81,481.77,295,Sept 28 - 08_17 (1),Dad_putting_fork_down_20260928104322.jpg
293,481.77,483.89,296,Sept 28 - 08_17 (1),Dad_looking_at_son_20260928104307.jpg
294,483.89,485.39,297,Sept 28 - 08_17 (1),Dad_smiling_in_dining_room_20260928104320.jpg
295,485.39,486.93,298,Sept 28 - 08_17 (1),Keys_and_money_on_table_20260928104306.jpg
296,486.93,489.09,299,Sept 28 - 08_17 (1),Birthday_cake_with_number_candle_20260928104318.jpg
297,489.09,492.19,300,Sept 28 - 08_17 (1),Relative_asking_question_at_party_20260928104307.jpg
298,492.19,492.81,301,Sept 28 - 08_17 (1),Stack_of_cash_beside_key_20260928104307.jpg
299,492.81,494.53,302,Sept 28 - 08_17 (1),Mortgage_rates_board_showing_num…_20260928104321.jpg
300,494.53,496.43,303,Sept 28 - 08_17 (1),Financial_advisor_gesturing_acro…_20260928104316.jpg
301,496.43,497.79,304,Sept 28 - 08_17 (1),Loan_agreement_being_signed_20260928104307.jpg
302,497.79,498.57,305,Sept 28 - 08_17 (1),Green_growing_chart_on_tablet_20260928104320.jpg
303,498.57,500.99,306,Sept 28 - 08_17 (1),Investment_line_rising_on_chart_20260928104321.jpg
304,500.99,502.45,307,Sept 28 - 08_17 (1),Calculator_with_pencil_beside_it_20260928104312.jpg
305,502.45,503.95,308,Sept 28 - 08_17 (1),Road_splitting_at_a_fork_20260928104318.jpg
306,503.95,505.69,309,Sept 28 - 08_17 (1),Balance_scale_with_house_and_20260928104320.jpg
307,505.69,507.07,310,Sept 28 - 08_17 (1),Gold-skinned_man_working_at_desk_20260928104313.jpg
308,507.07,508.31,311,Sept 28 - 08_17 (1),Hands_building_wooden_house_model_20260928104311.jpg
309,508.31,510.91,312,Sept 28 - 08_17 (1),Iron_chain_snapping_open_bill_20260928104320.jpg
310,510.91,513.13,313,Sept 28 - 08_17 (1),Young_man_waking_up_bedroom_20260928104318.jpg
311,513.13,514.17,314,Sept 28 - 08_17 (1),Bank_foreclosure_notice_torn_20260928104318.jpg
312,514.17,515.53,315,Sept 28 - 08_17 (1),Mortgage_payment_book_set_aside_20260928104312.jpg
313,515.53,516.91,316,Sept 28 - 08_17 (1),Calendar_pages_dissolving_into_dust_20260928104314.jpg
314,516.91,518.71,317,Sept 28 - 08_17 (1),Tax_bill_and_insurance_policy_20260928104319.jpg
315,518.71,521.13,318,Sept 28 - 08_17 (1),Bill_displaying_350_dollars_monthly_20260928104311.jpg
316,521.13,522.99,319,Sept 28 - 08_17 (1),Man_calculating_at_desk_20260928104312.jpg
317,522.99,525.41,320,Sept 28 - 08_17 (1),Stack_of_bills_with_tag_20260928104314.jpg
318,525.41,527.43,321,Sept 28 - 08_17 (1),Paycheck_envelopes_stacked_in_row_20260928104305.jpg
319,527.43,529.87,322,Sept 28 - 08_17 (1),Stack_of_bills_growing_taller_20260928104313.jpg
320,529.87,531.61,323,Sept 28 - 08_17 (1),Smartphone_showing_banking_app_b…_20260928104314.jpg
321,531.61,533.67,324,Sept 28 - 08_17 (1),Tax_form_capital_gains_20260928104318.jpg
322,533.67,535.07,325,Sept 28 - 08_17 (1),Cutting_slice_from_cash_stack_20260928104317.jpg
323,535.07,537.49,326,Sept 28 - 08_17 (1),Closing_costs_statement_highlighted_20260928104306.jpg
324,537.49,538.91,327,Sept 28 - 08_17 (1),Man_leaning_back_in_chair_20260928104321.jpg
325,538.91,540.73,328,Sept 28 - 08_17 (1),Cash_outweighs_house_model_20260928104316.jpg
326,540.73,542.29,329,Sept 28 - 08_17 (1),Gold-skinned_man_nodding_in_bedroom_20260928104306.jpg
327,542.29,544.31,330,Sept 28 - 08_17 (1),Glass_jar_on_shelf_20260928104309.jpg
328,544.31,547.03,331,Sept 28 - 08_17 (1),Jar_label_reading_emergency_fund_20260928104316.jpg
329,547.03,549.69,332,Sept 28 - 08_17 (1),Padlock_closing_on_jar_lid_20260928104317.jpg
330,549.69,552.01,333,Sept 28 - 08_17 (1),Burst_pipe_flooding_basement_20260928104321.jpg
331,552.01,554.21,334,Sept 28 - 08_17 (1),Mortgage_document_with_heavy_chain_20260928104305.jpg
332,554.21,556.29,335,Sept 28 - 08_17 (1),Mortgage_folder_on_doorstep_20260928104322.jpg
333,556.29,557.85,336,Sept 28 - 08_17 (1),Empty_wallet_turned_inside_out_20260928104315.jpg
334,557.85,559.89,337,Sept 28 - 08_17 (1),Dead_water_heater_in_basement_20260928104307.jpg
335,559.89,562.31,338,Sept 28 - 08_17 (1),Empty_title-company_closing_office_20260928104320.jpg
336,562.31,564.71,339,Sept 28 - 08_17 (1),Gold-skinned_man_pulling_out_chair_20260928104306.jpg
337,564.71,566.59,340,Sept 28 - 08_17 (1),Documents_stacked_on_table_20260928104322.jpg
338,566.59,567.79,341,Sept 28 - 08_17 (1),Closing_agent_looking_up_20260928104321.jpg
339,567.79,569.45,342,Sept 28 - 08_17 (1),Closing_agent_asking_question_20260928104322.jpg
340,569.45,571.39,343,Sept 28 - 08_17 (1),Gold-skinned_man_speaking_quietly_20260928104307.jpg
341,571.39,573.21,344,Sept 28 - 08_17 (1),Gold-skinned_man_driving_at_night_20260928104311.jpg
342,573.21,574.75,345,Sept 28 - 08_17 (1),House_under_streetlight_at_night_20260928104316.jpg
343,574.75,578.29,346,Sept 28 - 08_17 (1),Empty_living_room_at_night_20260928104320.jpg
344,578.29,580.61,349,Sept 28 - 08_17 (1),Unfolding_metal_folding_chair_20260928104320.jpg
345,580.61,581.63,350,Sept 28 - 08_17 (1),Parents_cluttered_garage_at_night_20260928104318.jpg
346,581.63,584.05,351,Sept 28 - 08_17 (1),Gold-skinned_man_sitting_indoors_20260928104313.jpg
347,584.05,586.63,352,Sept 28 - 08_17 (1),Phone_lying_on_floor_20260928104308.jpg
348,586.63,589.03,353,Sept 28 - 08_17 (1),Social_media_app_icon_20260928104321.jpg
349,589.03,591.43,354,Sept 28 - 08_17 (1),Gold-skinned_man_standing_in_room_20260928104306.jpg
350,591.43,593.55,355,Sept 28 - 08_17 (1),Woman_in_apartment_and_man_20260928104313.jpg
351,593.55,596.11,356,Sept 28 - 08_17 (1),Woman_sitting_with_rent_receipts_20260928104317.jpg
352,596.11,598.69,357,Sept 28 - 08_17 (1),Rent_receipts_tower_totaling_$14…_20260928104307.jpg
353,598.69,600.57,358,Sept 28 - 08_17 (1),Man_handing_over_car_keys_20260928104311.jpg
354,600.57,601.81,359,Sept 28 - 08_17 (1),Lease_payment_slips_with_keys_20260928104315.jpg
355,601.81,603.81,360,Sept 28 - 08_17 (1),BMW_driving_off_dealership_lot_20260928104308.jpg
356,603.81,605.35,361,Sept 28 - 08_17 (1),Man_and_woman_eating_pizza_20260928104309.jpg
357,605.35,606.63,362,Sept 28 - 08_17 (1),Crowd_walking_on_busy_sidewalk_20260928104322.jpg
358,606.63,609.75,363,Sept 28 - 08_17 (1),Dollar_bills_flying_from_window_20260928104320.jpg
359,609.75,610.97,364,Sept 28 - 08_17 (1),Bills_disappearing_into_clouds_20260928104309.jpg
360,610.97,612.81,365,Sept 28 - 08_17 (1),Dollar_bills_inside_safe_20260928104306.jpg
361,612.81,614.83,366,Sept 28 - 08_17 (1),Dollar_bill_folded_into_house_20260928104304.jpg
362,614.83,617.53,367,Sept 28 - 08_17 (1),House_walls_rising_brick_by_20260928104321.jpg
363,617.53,619.47,368,Sept 28 - 08_17 (1),Modest_house_finished_at_sunset_20260928104318.jpg
364,619.47,621.69,369,Sept 28 - 08_17 (1),Man_turning_key_in_door_20260928104306.jpg
365,621.69,623.89,370,Sept 28 - 08_17 (1),House_at_golden_hour_20260928104312.jpg
366,623.89,625.29,371,Sept 28 - 08_17 (1),Closed_wooden_door_with_light_20260928104314.jpg
367,625.29,627.29,372,Sept 28 - 10_27,Rent_and_mortgage_bills_crossed_20260928104203.jpg
368,627.29,628.73,373,Sept 28 - 10_27,Paper_receipt_showing_monthly_total_20260928104202.jpg
369,628.73,630.35,374,Sept 28 - 10_27,Man_tapping_phone_at_counter_20260928104202.jpg
370,630.35,632.91,375,Sept 28 - 10_27,Transfer_screen_showing_dollar_a…_20260928104202.jpg
371,632.91,634.25,376,Sept 28 - 10_27,Index_fund_jar_filling_with_20260928104203.jpg
372,634.25,636.13,377,Sept 28 - 10_27,Birthday_cake_with_candle_20260928104203.jpg
373,636.13,637.85,378,Sept 28 - 10_27,Gold_chart_line_climbing_high_20260928104203.jpg
374,637.85,639.43,379,Sept 28 - 10_27,Screen_displaying_eight_hundred_…_20260928104202.jpg
375,639.43,640.73,380,Sept 28 - 10_27,Paid-off_house_in_small_town_20260928104203.jpg
376,640.73,642.55,381,Sept 28 - 10_27,Commuters_waiting_on_train_platform_20260928104203.jpg
377,642.55,644.77,382,Sept 28 - 10_27,Mortgage_calendar_with_unchecked…_20260928104203.jpg
378,644.77,645.97,383,Sept 28 - 10_27,Gold-skinned_man_looking_out_window_20260928104203.jpg
379,645.97,647.09,384,Sept 28 - 10_27,Calendar_pages_turning_20260928104202.jpg
380,647.09,647.89,385,Sept 28 - 10_27,Closed_factory_gate_with_chain_20260928104203.jpg
381,647.89,648.85,386,Sept 28 - 10_27,Dad_leaving_factory_with_box_20260928104203.jpg
382,648.85,651.67,387,Sept 28 - 10_27,Man_looking_back_at_factory_20260928104203.jpg
383,651.67,653.83,388,Sept 28 - 10_27,Man_reading_newspaper_at_table_20260928104203.jpg
384,653.83,655.55,389,Sept 28 - 10_27,Mortgage_statement_on_kitchen_table_20260928104203.jpg
385,655.55,656.85,390,Sept 28 - 10_27,Balance_showing_forty-one_thousa…_20260928104202.jpg
386,656.85,657.63,391,Sept 28 - 10_27,Parents'_house_under_grey_sky_20260928104203.jpg
387,657.63,659.19,392,Sept 28 - 10_27,Man_parking_car_at_parents_20260928104203.jpg
388,659.19,662.31,393,Sept 28 - 10_27,Woman_cooking_at_the_stove_20260928104203.jpg
389,662.31,662.95,394,Sept 28 - 10_27,Old_napkin_pinned_to_fridge_20260928104203.jpg
390,662.95,664.71,395,Sept 28 - 10_27,Family_relaxing_at_dining_table_20260928104203.jpg
391,664.71,667.33,396,Sept 28 - 10_27,Gold-skinned_man_sliding_paper_20260928104203.jpg
392,667.33,668.63,397,Sept 28 - 10_27,Paper_receipt_unfolding_on_table_20260928104203.jpg
393,668.63,669.89,398,Sept 28 - 10_27,Stamp_showing_mortgage_paid_in_20260928104202.jpg
394,669.89,671.79,399,Sept 28 - 10_27,Dad_reading_receipt_20260928104203.jpg
395,671.79,673.55,400,Sept 28 - 10_27,Dad_sitting_silently_20260928104203.jpg
396,673.55,675.33,401,Sept 28 - 10_27,Mother_laughing_through_tears_20260928104203.jpg
397,675.33,677.17,402,Sept 28 - 10_27,Woman_wiping_eyes_with_napkin_20260928104203.jpg
398,677.17,679.41,403,Sept 28 - 10_27,Dad_touching_gold-skinned_man_20260928104203.jpg
399,679.41,680.77,404,Sept 28 - 10_27,Empty_childhood_bedroom_in_sunlight_20260928104203.jpg
400,680.77,682.95,405,Sept 28 - 10_27,Magnifying_glass_over_napkin_plan_20260928104203.jpg
401,682.95,684.71,406,Sept 28 - 10_27,Twin_bed_with_crossed_tag_20260928104203.jpg
402,684.71,686.43,407,Sept 28 - 10_27,Man_lying_on_couch_surrounded_20260928104203.jpg
403,686.43,689.01,408,Sept 28 - 10_27,Credit_card_being_swiped_20260928104202.jpg
404,689.01,691.71,409,Sept 28 - 10_27,Two_coin_stacks_glowing_gold_20260928104202.jpg
405,691.71,693.49,410,Sept 28 - 10_27,Four_hundred-dollar_bills_on_table_20260928104203.jpg
406,693.49,695.23,411,Sept 28 - 10_27,Text_on_napkin_on_table_20260928104203.jpg
407,695.23,697.65,412,Sept 28 - 10_27,Auto_transfer_toggle_switched_on_20260928104202.jpg
408,697.65,698.89,413,Sept 28 - 10_27,Wallet_snapping_shut_20260928104202.jpg
409,698.89,701.03,414,Sept 28 - 10_27,Staircase_of_coin_stacks_20260928104202.jpg
410,701.03,702.67,415,Sept 28 - 10_27,Raise_letter_and_transfer_amount_20260928104202.jpg
411,702.67,704.53,416,Sept 28 - 10_27,Mom_and_gold-skinned_man_talking_20260928104202.jpg
412,704.53,705.79,417,Sept 28 - 10_27,Gold_hand_resting_near_falling_20260928104202.jpg
413,705.79,706.97,418,Sept 28 - 10_27,Different_homes_along_street_20260928104203.jpg
414,706.97,708.57,419,Sept 28 - 10_27,Woman_packing_boxes_alone_20260928104203.jpg
415,708.57,710.37,420,Sept 28 - 10_27,Man_working_in_apartment_20260928104203.jpg
416,710.37,712.19,421,Sept 28 - 10_27,Lit_window_in_apartment_building_20260928104203.jpg
417,712.19,714.55,422,Sept 28 - 10_27,Seed_sprouting_from_coins_20260928104203.jpg
418,714.55,716.01,423,Sept 28 - 10_27,Giant_rent_bill_shrinking_away_20260928104203.jpg
419,716.01,718.35,424,Sept 28 - 10_27,Gold_sapling_growing_from_coins_20260928104202.jpg
420,718.35,719.25,425,Sept 28 - 10_27,Stack_of_saved_bills_20260928104203.jpg
421,719.25,720.87,426,Sept 28 - 10_27,Sand_pouring_into_house_shape_20260928104203.jpg
422,720.87,723.25,427,Sept 28 - 10_27,Gold_coin_growing_larger_20260928104203.jpg
423,723.25,725.03,428,Sept 28 - 10_27,Calendar_with_payday_checkmark_20260928104201.jpg
424,725.03,727.87,429,Sept 28 - 10_27,House_glowing_at_sunset_20260928104203.jpg
425,727.87,730.33,430,Sept 28 - 10_27,Gold-skinned_man_on_porch_20260928104203.jpg
426,730.33,731.83,431,Sept 28 - 10_27,Man_carrying_box_into_house_20260928104203.jpg
427,731.83,733.75,432,Sept 28 - 10_27,Childhood_bedroom_glowing_golden…_20260928104203.jpg
428,733.75,735.13,433,Sept 28 - 10_27,Parents_arriving_at_son's_house_20260928104203.jpg
429,735.13,736.87,434,Sept 28 - 10_27,House_glowing_in_sunset_20260928104203.jpg
